<?xml version="1.0" encoding="UTF-8"?>
<configuration>
    <!--<include resource="org/springframework/boot/logging/logback/base.xml" />-->
    <!-- 1、logger
5          属性：
6             1)name:用来指定受此logger约束的某一个包或者具体的某一个类
7             2)level:用来设置打印级别，大小写无关（最常用的几种）：DEBUG, INFO, WARN, ERROR
8          2、
9     -->
    <!-- <logger name="org.springframework.web" level="DEBUG" /> -->


    <!-- show parameters for hibernate sql 专为 Hibernate 定制 -->
    <!--<logger name="org.hibernate.type.descriptor.sql.BasicBinder"  level="TRACE" />-->
    <!--<logger name="org.hibernate.type.descriptor.sql.BasicExtractor"  level="DEBUG" />-->
    <!--<logger name="org.hibernate.SQL" level="DEBUG" />-->
    <!--<logger name="org.hibernate.engine.QueryParameters" level="DEBUG" />-->
    <!--<logger name="org.hibernate.engine.query.HQLQueryPlan" level="DEBUG" />-->

    <!-- mybatis日志打印 -->
    <!-- <logger name="com.ibatis" level="DEBUG" /> -->
    <!-- <logger name="com.ibatis.common.jdbc.SimpleDataSource" level="DEBUG" /> -->
    <!-- <logger name="com.ibatis.common.jdbc.ScriptRunner" level="DEBUG" /> -->
    <!-- <logger name="com.ibatis.sqlmap.engine.impl.SqlMapClientDelegate" level="DEBUG" /> -->

    <!-- <logger name="java.sql.Connection" level="DEBUG" /> -->
    <!-- <logger name="java.sql.Statement" level="DEBUG" /> -->
    <!-- <logger name="java.sql.PreparedStatement" level="DEBUG" /> -->
    <!-- 这一句至关重要如果没有，就无法输出sql语句 -->
    <!--<logger name="com.xuexin.xcloud.print.service.mapper" level="DEBUG"></logger>-->


    <!--
       说明：
       1、日志级别及文件
           日志记录采用分级记录，级别与日志文件名相对应，不同级别的日志信息记录到不同的日志文件中
           例如：error级别记录到log_error_xxx.log或log_error.log（该文件为当前记录的日志文件），而log_error_xxx.log为归档日志，
           日志文件按日期记录，同一天内，若日志文件大小等于或大于2M，则按0、1、2...顺序分别命名
           例如log-level-2013-12-21.0.log
           其它级别的日志也是如此。
       2、文件路径
           若开发、测试用，在Eclipse中运行项目，则到Eclipse的安装路径查找logs文件夹，以相对路径../logs。
           若部署到Tomcat下，则在Tomcat下的logs文件中
       3、Appender
           FILEERROR对应error级别，文件名以log-error-xxx.log形式命名
           FILEWARN对应warn级别，文件名以log-warn-xxx.log形式命名
           FILEINFO对应info级别，文件名以log-info-xxx.log形式命名
           FILEDEBUG对应debug级别，文件名以log-debug-xxx.log形式命名
           stdout将日志信息输出到控制上，为方便开发测试使用
    -->


    <!-- 彩色日志 -->
    <!-- 彩色日志依赖的渲染类 -->
    <conversionRule conversionWord="clr" converterClass="org.springframework.boot.logging.logback.ColorConverter" />
    <conversionRule conversionWord="wex" converterClass="org.springframework.boot.logging.logback.WhitespaceThrowableProxyConverter" />
    <conversionRule conversionWord="wEx" converterClass="org.springframework.boot.logging.logback.ExtendedWhitespaceThrowableProxyConverter" />
    <!-- 彩色日志格式 -->
    <property name="CONSOLE_LOG_PATTERN" value="${CONSOLE_LOG_PATTERN:-%clr(%d{yyyy-MM-dd HH:mm:ss.SSS}){faint} %clr(${LOG_LEVEL_PATTERN:-%5p}) %clr(${PID:- }){magenta} %clr(---){faint} %clr([%15.15t]){faint} %clr(%logger){cyan} %clr(:){faint} %m%n${LOG_EXCEPTION_CONVERSION_WORD:-%wEx}}" />
    <!--包名输出缩进对齐-->
    <!--<property name="CONSOLE_LOG_PATTERN" value="${CONSOLE_LOG_PATTERN:-%clr(%d{yyyy-MM-dd HH:mm:ss.SSS}){faint} %clr(${LOG_LEVEL_PATTERN:-%5p}) %clr(${PID:- }){magenta} %clr(-){faint} %clr([%15.15t]){faint} %clr(%-40.40logger{39}){cyan} %clr(:){faint} %m%n${LOG_EXCEPTION_CONVERSION_WORD:-%wEx}}" />-->


    <contextName>xcloud-itembank</contextName>
    <property name="LOG_PATH" value="." />
    <!--设置系统日志目录-->
    <property name="APPDIR" value="logs" />

    <!-- 日志记录器，日期滚动记录 -->
    <appender name="FILEALL" class="ch.qos.logback.core.rolling.RollingFileAppender">
        <!-- 正在记录的日志文件的路径及文件名 -->
        <file>${LOG_PATH}/${APPDIR}/zuul_all.log</file>
        <!-- 日志记录器的滚动策略，按日期，按大小记录 -->
        <rollingPolicy class="ch.qos.logback.core.rolling.TimeBasedRollingPolicy">
            <!-- 归档的日志文件的路径，例如今天是2013-12-21日志，当前写的日志文件路径为file节点指定，可以将此文件与file指定文件路径设置为不同路径，从而将当前日志文件或归档日志文件置不同的目录。
            而2013-12-21的日志文件在由fileNamePattern指定。%d{yyyy-MM-dd}指定日期格式，%i指定索引 -->
            <fileNamePattern>${LOG_PATH}/${APPDIR}/all/zuul_all_%d{yyyy-MM-dd}.%i.log</fileNamePattern>
            <!-- 除按日志记录之外，还配置了日志文件不能超过2M，若超过2M，日志文件会以索引0开始，
            命名日志文件，例如log-error-2013-12-21.0.log -->
            <timeBasedFileNamingAndTriggeringPolicy class="ch.qos.logback.core.rolling.SizeAndTimeBasedFNATP">
                <maxFileSize>12MB</maxFileSize>
            </timeBasedFileNamingAndTriggeringPolicy>
        </rollingPolicy>
        <!-- 追加方式记录日志 -->
        <append>true</append>
        <!-- 日志文件的格式 -->
        <encoder class="ch.qos.logback.classic.encoder.PatternLayoutEncoder">
            <pattern>%d{yyyy-MM-dd HH:mm:ss.SSS} %-5level --- [%thread] %logger Line:%-3L - %msg%n</pattern>
            <charset>utf-8</charset>
        </encoder>
    </appender>
    <appender name="STDOUT" class="ch.qos.logback.core.ConsoleAppender">
        <!--encoder 默认配置为PatternLayoutEncoder-->
        <encoder>
            <pattern>${CONSOLE_LOG_PATTERN}</pattern>
            <!--<pattern>%d{yyyy-MM-dd HH:mm:ss.SSS} %-5level -&#45;&#45; [%thread] %logger Line:%-3L - %msg%n</pattern>-->
            <charset>utf-8</charset>
        </encoder>
        <!--此日志appender是为开发使用，只配置最底级别，控制台输出的日志级别是大于或等于此级别的日志信息-->
        <filter class="ch.qos.logback.classic.filter.ThresholdFilter">
            <level>debug</level>
        </filter>
    </appender>

    <logger name="org.springframework" level="WARN" />

    <!-- mybatis日志打印 -->
    <logger name="com.ibatis" level="DEBUG" />
    <logger name="com.ibatis.common.jdbc.SimpleDataSource" level="DEBUG" />
    <logger name="com.ibatis.common.jdbc.ScriptRunner" level="DEBUG" />
    <logger name="com.ibatis.sqlmap.engine.impl.SqlMapClientDelegate" level="DEBUG" />

    <logger name="org.apache.http" level="ERROR"/>
    <logger name="com.netflix.discovery" level="ERROR"/>
    <logger name="com.netflix.loadbalancer" level="ERROR"/>

    <logger name="java.sql.Connection" level="DEBUG" />
    <logger name="java.sql.Statement" level="DEBUG" />
    <logger name="java.sql.PreparedStatement" level="DEBUG" />
    <!-- <logger name="com.xuexin.xcloud.dictionary.service.mapper" level="DEBUG"></logger>-->

    <!-- 生产环境下，将此级别配置为适合的级别，以免日志文件太多或影响程序性能 -->
    <root level="DEBUG">
        <appender-ref ref="FILEALL" />

        <!-- 生产环境将请stdout,testfile去掉 -->
        <appender-ref ref="STDOUT" />
    </root>

    <!--日志异步到数据库 -->
    <!--<appender name="DB" class="ch.qos.logback.classic.db.DBAppender">-->
        <!--&lt;!&ndash;日志异步到数据库 &ndash;&gt;-->
        <!--<connectionSource class="ch.qos.logback.core.db.DriverManagerConnectionSource">-->
            <!--&lt;!&ndash;连接池 &ndash;&gt;-->
            <!--<dataSource class="com.mchange.v2.c3p0.ComboPooledDataSource">-->
                <!--<driverClass>com.mysql.jdbc.Driver</driverClass>-->
                <!--<url>jdbc:mysql://127.0.0.1:3306/databaseName</url>-->
                <!--<user>root</user>-->
                <!--<password>root</password>-->
            <!--</dataSource>-->
        <!--</connectionSource>-->
    <!--</appender>-->


</configuration>